Ming & Jason's|ming-and-jasons-san-francisco|37.794281|-122.4071121|824 Clay St |(415) 398-6368
Natural Nails|natural-nails-san-francisco|37.785329|-122.407398|870 Market St Ste 717 |(415) 291-9122
Linda Ocean Nails|linda-ocean-nails-san-francisco|37.725601|-122.462395|1910 Ocean Ave |(415) 584-8666
Sugarcoat|sugarcoat-san-francisco|37.7877339|-122.4120711|619 Post St |(415) 441-1868
Pretty Parlor|pretty-parlor-san-francisco-4|37.7635184581|-122.423745005|483 Guerrero St |(415) 556-2883
Discount Beauty Supply|discount-beauty-supply-san-francisco|37.785297|-122.419014|888 Ofarrell St Ste A |(415) 922-1353
The Beauty Network|the-beauty-network-san-francisco|37.7804337|-122.4813766|5748 Geary Blvd |(415) 387-1477
Perfect Fingers|perfect-fingers-san-francisco-2|37.7285614|-122.4768829|3251 20th Ave Ste 139 |(415) 564-3031
Hand Job|hand-job-san-francisco|37.7598233521|-122.434847206|565 Castro St |(415) 863-2243
Recharge Medical & Day Spa|recharge-medical-and-day-spa-san-francisco-3|37.7911682|-122.4183578|1456 California St |(415) 409-3456
Ultimate Hair & Face Figure Salon|ultimate-hair-and-face-figure-salon-san-francisco|37.7830351889|-122.461423874|207 Clement St |(415) 752-2828
Diva International|diva-international-san-francisco|37.794074731|-122.394919136|1 Market Plz |(415) 543-8444
D Salon|d-salon-san-francisco|37.7434196|-122.4707108|424 Taraval St |(415) 664-9989
Steel + Lacquer|steel-lacquer-san-francisco|37.776196897|-122.417174801|14 10th St |(415) 503-1210
Morphic|morphic-san-francisco-2|37.7883067|-122.402957|660 Market St Ste 226 |(415) 789-6682
Fairyland Spa|fairyland-spa-san-francisco-3|37.7964859009|-122.422172546|2139 Polk St Ste B |(415) 345-9188
EMANstyle|emanstyle-san-francisco-2|37.7886795072|-122.402956767|660 Market St Ste 207 |(415) 410-5032
Kristina Goett|kristina-goett-san-francisco-3|37.7750893|-122.4307938|David James Salon 600 Fillmore St |(415) 655-3973
The Woodbridge Salon|the-woodbridge-salon-san-francisco|37.8007328|-122.4377598|2072 Chestnut St |(415) 441-1362
Salon Belle Linda|salon-belle-linda-san-francisco|37.78491|-122.465419|4448 California St |(415) 752-7958
CODE Salon|code-salon-san-francisco|37.7810181191|-122.400296714|370 4th St 2nd Fl |(415) 624-8340
Krave Hair & Beauty|krave-hair-and-beauty-san-francisco|37.7800217|-122.4817505|5809 Geary Blvd |(415) 831-1888
Sol Y Luna Spa|sol-y-luna-spa-san-francisco|37.7313724|-122.4507686|691 Monterey Blvd |(415) 469-7323
Qua The Spa at Soma Grand|qua-the-spa-at-soma-grand-san-francisco-2|37.7782898|-122.412323|1162 Mission St |(415) 598-8686
Shear Bliss|shear-bliss-san-francisco|37.7755376|-122.4228689|275 Gough St |(415) 255-8827
Nail Chic|nail-chic-san-francisco-2|37.7511101|-122.4338837|1303 Castro St |(415) 970-9301
EPI Center MedSpa|epi-center-medspa-san-francisco|37.7896575928|-122.407836914|450 Sutter St Ste 800 |(415) 362-4754
Katie's Nails|katies-nails-san-francisco|37.7145690918|-122.442367554|5255 Mission Street |(415) 585-2361
Nails by Wendy|nails-by-wendy-san-francisco|37.7082901|-122.4533997|5933 Mission St |(415) 333-2663
Nails 2001|nails-2001-san-francisco|37.7970034629|-122.43581146|2213 Union Street |(415) 775-5838
Melissa Cope Skincare & Makeup Studio|melissa-cope-skincare-and-makeup-studio-san-francisco|37.7875178196|-122.450752372|3516 Sacramento St Ste 6 |(415) 771-7546
Q Spa|q-spa-san-francisco|37.775150165|-122.437768131|604 Divisadero St |(415) 885-1272
The John Brody Salon|the-john-brody-salon-san-francisco|37.76375|-122.43412|2338 Market St |(415) 252-0782
La Fleur 2|la-fleur-2-san-francisco-2|37.7864494|-122.4092331|272 O'Farrell |(415) 391-7990
Joffer|joffer-san-francisco|37.773102|-122.410347|367 9th St. Ste B |(877) 563-3371
Angel's Nails|angels-nails-san-francisco|37.7451057|-122.4269638|1602 Church St |(415) 282-6245
Precision Haircuts|precision-haircuts-san-francisco|37.7814178|-122.4597321|3746 Geary Blvd |(415) 386-2553
King Nails|king-nails-san-francisco|37.7229007334|-122.436098456|4705 Mission St |(415) 334-6225
Diane's Nail Care|dianes-nail-care-san-francisco-3|37.7716217|-122.4333878|681 Haight St |(415) 621-1220
Zaza Nail Spa|zaza-nail-spa-san-francisco|37.782627|-122.392654|543 2nd St |(415) 495-6292
Barnets|barnets-san-francisco|37.7645912|-122.4248886|3235 16th St |(415) 864-1923
Elegant Nails Salon|elegant-nails-salon-san-francisco|37.8008614|-122.429184|1688 Lombard St Ste A |(415) 441-7177
Salon Mio Mio|salon-mio-mio-san-francisco|37.7511024|-122.4342194|1304 Castro St |(415) 341-1717
Nancy's Hair and Nails|nancys-hair-and-nails-san-francisco|37.714901|-122.438416|1078 Geneva Ave |(415) 587-6261
Supreme Hair Cuts|supreme-hair-cuts-san-francisco|37.7374001|-122.470192|360 W Portal Ave Ste B |(415) 731-4746
Daily Beauty Salon & Spa|daily-beauty-salon-and-spa-san-francisco|37.7642181|-122.4643181|600 Irving St |(415) 566-2323
Public Barber Salon|public-barber-salon-san-francisco-3|37.801159|-122.407494|1528 Grant Ave |(415) 362-0040
Richmond Nails Salon|richmond-nails-salon-san-francisco|37.7804604|-122.4824295|5856 Geary Blvd |(415) 876-3888
Archer Salon|archer-salon-san-francisco|37.7872451|-122.4051902|33 Grant Ave 2nd Fl |(415) 433-3334
Misa's Nails|misas-nails-san-francisco|37.7174001932|-122.440250516|5083 Mission St |(415) 587-4218
Jennifer Clark Skincare|jennifer-clark-skincare-san-francisco|37.784833928|-122.407490015|870 Market St Ste 715 |(415) 706-1380
Mani Pedi Spa|mani-pedi-spa-san-francisco-2|37.7912292|-122.42099|1545 Polk St |(415) 872-9686
Church Nails|church-nails-san-francisco|37.7514602244|-122.427351773|1211 Church St |
John Cameron Salon|john-cameron-salon-san-francisco|37.788565|-122.402975|660 Market St Ste 217 |(415) 596-5940
Golden Nails|golden-nails-san-francisco|37.7093019336|-122.451090664|5817 Mission St |(415) 469-9376
Tootsie Toes|tootsie-toes-san-francisco|37.7930374146|-122.421379089|1741 Polk St |(415) 359-9844
Le Petit Salon|le-petit-salon-san-francisco|37.8021586686|-122.425250933|1325 Chestnut Street |(415) 885-8538
Mercer Street Salon|mercer-street-salon-san-francisco|37.7972154|-122.4354585|3012 Fillmore St |(415) 674-4444
The New Nails|the-new-nails-san-francisco-4|37.8001778573|-122.440920398|2291 Chestnut St |(415) 346-5227
Orange|orange-san-francisco-3|37.7651986|-122.4242967|380 Guerrero St |
The Girls' Lounge|the-girls-lounge-san-francisco|37.7806971|-122.4698134|4717 Geary Ave |(415) 828-2712
Natural Beauty Salon|natural-beauty-salon-san-francisco|37.7395813912|-122.467127591|105 W Portal Ave |(415) 665-2735
City Beauty Salon|city-beauty-salon-san-francisco|37.7917061001|-122.420854121|1610 Polk St |(415) 928-9725
Laurel Heights Nail Salon|laurel-heights-nail-salon-san-francisco|37.78761|-122.4505|3501 Sacramento Street |(415) 346-9388
Lily Nail Care|lily-nail-care-san-francisco|37.7263794|-122.4028397|2803 San Bruno Ave |(415) 468-1202
Bella Nails|bella-nails-san-francisco|37.799896|-122.439743|3231 Pierce St |(415) 885-1100
Franklin Beauty Salon|franklin-beauty-salon-san-francisco|37.7886086|-122.4235001|1506 Franklin St |(415) 567-3861
Bebe Skin Care & Threading|bebe-skin-care-and-threading-san-francisco|37.786108|-122.430152|1731-1B Buchanan St |(415) 845-5615
Bombshell|bombshell-millbrae|37.6128817341|-122.404637735|1655 S El Camino Real |(650) 483-0320
Noe Valley Nails|noe-valley-nails-san-francisco|37.7471988648|-122.427052036|1484 Church St |(415) 920-8923
Sydney Nails|sydney-nails-san-francisco|37.7409706|-122.4231796|3486 Mission St |(415) 647-8004
SHE-SHE Nail Salon|she-she-nail-salon-san-francisco|37.7390426|-122.4675838|167 W Portal Ave |(415) 681-3559
Post Street Hair & Nail Care|post-street-hair-and-nail-care-san-francisco|37.7857361734|-122.428956404|1648 Post St |(415) 921-5805
Citrine Salon|citrine-salon-san-francisco|37.7855988|-122.4330063|1724 Fillmore St |(415) 359-1840
Fabulous Nails Spa|fabulous-nails-spa-san-francisco-2|37.7820168|-122.4814835|2099 Clement St |(415) 668-3699
New Age Nails|new-age-nails-san-francisco-2|37.8011742979|-122.407753542|1543 Grant Ave |(415) 956-8807
Lily Beauty Salon|lily-beauty-salon-san-francisco|37.7881699|-122.447937|3356 Sacramento St |(415) 345-1988
Empress Hair and Nails|empress-hair-and-nails-san-francisco|37.7793243527|-122.431949079|1085 Fillmore St |(415) 563-8445
Artistic Nail Care|artistic-nail-care-san-francisco|37.7641232|-122.4675966|902 Irving St |(415) 564-3338
Finest Nails|finest-nails-san-francisco|37.7871483564|-122.419904619|1128 Polk St |(415) 359-1681
Green Twig Salon|green-twig-salon-san-francisco-4|37.7502316|-122.4271691|1299 Church St |(415) 642-9229
Xcelerate Salon|xcelerate-salon-san-francisco-3|37.750301|-122.433792|1401 Castro St |(415) 641-0545
Jenny's Nails Care|jennys-nails-care-daly-city|37.7064601332|-122.45922111|6207 Mission Street |(650) 755-0135
Lido Nails|lido-nails-san-francisco|37.7257103473|-122.402749881|2865 San Bruno Avenue |(415) 468-2418
West Coast Nails and Facial|west-coast-nails-and-facial-san-francisco|37.7946089208|-122.419864386|1821 Larkin St |(415) 928-1858
Le Burge't Salon|le-burget-salon-san-francisco|37.759159788|-122.408675912|2737 20th St |(415) 824-1335
Lashes 2 Lashes|lashes-2-lashes-san-francisco-2|37.7976336|-122.4329088|2040 Union St |(510) 599-6700
PREP|prep-san-francisco|37.7882460505|-122.446111813|3235 Sacramento St |(415) 763-7737
Posh Salon & Blow Dry Boutique|posh-salon-and-blow-dry-boutique-san-francisco|37.7922146|-122.4344101|2444 Fillmore St |(415) 440-7674
Carrie Jossel|carrie-jossel-san-francisco|37.7983338386|-122.42603749|Union Retreat 1618 Union St |(415) 516-3018
Adollup|adollup-san-francisco|37.765461|-122.402138|370 De Haro St Unit A3 |(415) 861-1935
Sugar San Francisco|sugar-san-francisco-san-francisco|37.7879732|-122.4187416|1116 Sutter St |(415) 786-4887
Best Brazilian Wax By Carla Martins|best-brazilian-wax-by-carla-martins-san-francisco|37.7941505799|-122.402954946|520 Montgomery St Ste 209 |(415) 379-9960
Modern Nail Bar|modern-nail-bar-san-francisco|37.7577324|-122.3894272|803 22nd St |(415) 695-7472
Salon Picasso|salon-picasso-san-francisco|37.7990799|-122.4108276|1573 Powell St |(415) 296-0533
The I Spa|the-i-spa-san-francisco|37.781705043|-122.404732704|InterContinental 888 Howard St, 6th Fl |(415) 616-6597
White Daisy Nail Spa|white-daisy-nail-spa-san-francisco|37.7377481014|-122.469260618|309 West Portal Ave |(415) 566-8609
T & T Nails|t-and-t-nails-san-francisco|37.782898|-122.459335|405 Arguello Blvd |(415) 750-0287
Kathy's Nails|kathys-nails-san-francisco|37.79106|-122.40431|323 Kearny Street |(415) 989-9633
Sweet Asylum|sweet-asylum-san-francisco|37.7985564|-122.4248106|1540 Union St |(415) 529-2652
Cindy Nail Salon|cindy-nail-salon-san-francisco|37.7425955|-122.4825299|1519 Taraval St |(415) 759-7318
Trio Nails|trio-nails-san-francisco|37.787013|-122.430013|1832 Buchanan St |(415) 931-9261
Finishing Touch Nails|finishing-touch-nails-san-francisco|37.7999611|-122.4408112|3250 Scott Street |(415) 928-1196
Timothy Scott|timothy-scott-san-francisco|37.7905500903|-122.419977222|1555 California St |(415) 730-3561
Chong's Barber & Beauty Shop|chongs-barber-and-beauty-shop-san-francisco|37.7991391718|-122.407325059|1335 Grant Ave |(415) 956-6878
Joys Number 2 Hair Salon|joys-number-2-hair-salon-san-francisco|37.7952010185|-122.408024445|1016 Stockton Street |(415) 296-1062
Nails by Vera|nails-by-vera-san-francisco|37.7878799|-122.4061279|166 Geary St Ste 1505 |(415) 989-2005
MJ Salon & Spa|mj-salon-and-spa-san-francisco|37.7847591788|-122.464786693|4409 California St |(415) 831-5354
BellaDonna Nail Salon|belladonna-nail-salon-san-francisco|37.789118|-122.4080241|447 Sutter St Ste 419 |(415) 402-0668
Mad About Brows|mad-about-brows-san-francisco|37.7973054|-122.4008151|633 Battery St |(415) 994-4042
Perfect 10|perfect-10-san-francisco|37.7514801|-122.4270935|1211 Church St |(415) 821-4837
Bryan Roberts Salon & Color Bar|bryan-roberts-salon-and-color-bar-san-francisco-3|37.7599087|-122.4347909|561 Castro St |(415) 626-7700
Hair Candy Salon|hair-candy-salon-san-francisco|37.7551522851|-122.422802076|3387 22nd St |(415) 550-8238
Divisadero Nails|divisadero-nails-san-francisco|37.7869301|-122.4399719|1858 Divisadero St |(415) 440-9999
Joys Hair Salon|joys-hair-salon-san-francisco|37.795035392|-122.407851443|894 Washington St |(415) 391-3832
Just Bloom|just-bloom-san-francisco|37.7805916965|-122.481495515|388 22nd Ave |(415) 221-1199
Organic Shimmer The Spa|organic-shimmer-the-spa-san-francisco-3|37.7701263428|-122.404747009|680 8th St Ste 188 |(415) 638-6463
Aesthetics by Veronica|aesthetics-by-veronica-san-francisco|37.7871895|-122.4525833|3641 Sacramento St Ste G |(415) 571-9784
Makeup by Quis|makeup-by-quis-san-francisco-2|37.7713272784|-122.393847677|470 3rd St Ste 202 |(408) 430-2629
Haight Salon|haight-salon-san-francisco|37.7713594|-122.4225253|111 Valencia St |(415) 816-9276
Felicia Gelardi|felicia-gelardi-san-francisco-3|37.7975636|-122.4306958|Flourish Skin and Wax 1905 Union St, Ste 5 |(415) 407-7423
Mes Amis 193|mes-amis-193-san-francisco|37.7760004252|-122.421166599|193 Franklin St |(415) 558-7118
La Vie Nail Spa|la-vie-nail-spa-san-francisco|37.7867480367|-122.412791401|575 Geary St |(415) 775-7373
Tania Goulart|tania-goulart-san-francisco-3|37.7917566299|-122.408842723|Zindagi Salon 55 Grant St |(415) 989-9463
The Light Fantastic Salonspa|the-light-fantastic-salonspa-san-francisco|37.771088|-122.430013|146 Fillmore St |(415) 487-1772
L & T Salon|l-and-t-salon-san-francisco|37.7314|-122.473167|2555 Ocean Ave Suite 100 |
Lyn 's Nail Care|lyn-s-nail-care-san-francisco|37.783074|-122.45971|35 Clement St |(415) 573-6755
Savvy Hair Salon|savvy-hair-salon-san-francisco|37.8002750874|-122.440870777|2284 Chestnut St |(415) 885-2385
Thao Nail Studio|thao-nail-studio-san-francisco|37.7986084802|-122.424849165|1540 Union St |(415) 756-6190
Rosalee At Chop Shop Salon|rosalee-at-chop-shop-salon-san-francisco|37.7741426|-122.4446558|1714 Hayes St |(808) 343-3057
Twenty 89 Hair Design|twenty-89-hair-design-san-francisco|37.7733007818|-122.450812384|2089 Hayes St |(415) 668-2245
Sublime Salon|sublime-salon-san-francisco|37.7887611|-122.436203|2536 California Street |(415) 440-4920
Zip Zap Hair|zip-zap-hair-san-francisco|37.7718506|-122.4306488|245 Fillmore St |(415) 621-1671
Natural Salon|natural-salon-san-francisco|37.7765312|-122.4418488|1518 Fulton St |(415) 674-7789
Salon de Union|salon-de-union-san-francisco-2|37.797409|-122.431145|1933 Union St |(415) 292-6988
Bibbo Salon|bibbo-salon-san-francisco|37.7896233648|-122.405829057|336 Sutter St |(415) 421-2426
Shi's Hair Studio|shis-hair-studio-san-francisco|37.7832985|-122.459877|40 Clement St |(415) 752-7868
Werk Salon, Inc|werk-salon-inc-san-francisco|37.7512342483|-122.418310717|2867 Mission St |(415) 655-9779
Au Top Coiffure|au-top-coiffure-san-francisco|37.7898037434|-122.405475676|305 Grant Ave 6th Fl |(415) 693-9999
Susie Chhuor Hair & Makeup|susie-chhuor-hair-and-makeup-san-francisco-2|37.7726402|-122.4099154||(415) 689-4441
Solid Gold Salon|solid-gold-salon-san-francisco|37.7886001021|-122.413862273|812 Sutter St |(415) 440-4653
Silk Nail Salon|silk-nail-salon-san-francisco|37.788039|-122.423725|1425 Franklin St |(415) 885-3277
Artistic Nails & Spa|artistic-nails-and-spa-san-francisco|37.7864488|-122.4400216|1826 Divisadero St |(415) 345-1235
Lavande Nail Spa|lavande-nail-spa-san-francisco|37.7656846493|-122.450361103|113 Carl St |(415) 566-5333
San Francisco Nail|san-francisco-nail-san-francisco|37.7850937843|-122.410840765|291 Ellis St |(415) 683-8189
The Cutting Edge Salon|the-cutting-edge-salon-san-francisco|37.7389873|-122.4133017|1000 Cortland Ave |(415) 970-3343
LA Touched Salon|la-touched-salon-san-francisco|37.7611202|-122.4306996|3903 18th St |(415) 341-0422
Lombard Beauty Salon|lombard-beauty-salon-san-francisco-2|37.7988205|-122.4416733|2447 Lombard St |(415) 816-8663
JT Artistry|jt-artistry-san-francisco|37.7918533299|-122.446241455||(415) 322-0626
Shear Image Salon|shear-image-salon-san-francisco|37.7815338|-122.4572151|3520 Geary Blvd |(415) 752-0397
Sunshine Nails|sunshine-nails-san-francisco|37.7327728|-122.4345779|2966 Diamond St |(415) 334-5167
Grasshopper Hair Salon|grasshopper-hair-salon-san-francisco|37.7822304|-122.3937378|28 S Park St |(415) 495-0424
Shua's Nails|shuas-nails-san-francisco|37.765423|-122.450661|127 Carl St |
Episode Salon & Spa|episode-salon-and-spa-san-francisco|37.7490602|-122.4273727|1360 Church St |(415) 641-1138
Vaso's Hair Design At West Portal|vasos-hair-design-at-west-portal-san-francisco|37.7385534346|-122.468472049|234 W Portal Avenue |(415) 661-3636
Town & Country Beauty Salon|town-and-country-beauty-salon-san-francisco|37.76366|-122.47898|1944 Irving St |(415) 664-6133
New French Nails|new-french-nails-san-francisco-2|37.7952118|-122.4007034|425 Battery St Ste D |(415) 495-0111
Good Nails|good-nails-san-francisco|37.7981071|-122.4359894|2208 Filbert St |(415) 346-6676
Accent On Beauty|accent-on-beauty-san-francisco|37.76412|-122.46791|924 Irving Street |(415) 731-3097
New Beauty|new-beauty-san-francisco-2|37.7925677598|-122.421142459|1709 Polk St |(415) 885-4355
Annie's Deluxe Home Nail Care|annies-deluxe-home-nail-care-san-francisco|37.803819|-122.410417||(415) 418-8561
Gloss 'n Glam|gloss-n-glam-san-francisco|37.764832|-122.433472|258 Noe St |(415) 580-7079
ModVellum|modvellum-san-francisco-3|37.7983170748|-122.426168919|1628 Union St |(415) 310-7354
International Orange Spa|international-orange-spa-san-francisco|37.7885784|-122.4336786|2044 Fillmore St 2nd Fl |(415) 524-0542
Amazing Nails|amazing-nails-san-francisco-3|37.7772087604|-122.392583638|221 King St |(415) 926-8625
Cherish|cherish-san-francisco-2|37.7906609|-122.4171524|1044 Hyde St |(415) 923-9888
Sunrise Nail & Facial|sunrise-nail-and-facial-san-francisco|37.7423802763|-122.424115017|1699 Dolores St |(415) 920-1831
Hair Artist Aurora Theresa|hair-artist-aurora-theresa-san-francisco-2|37.789425|-122.406756|Shapes Studios Salon 391 Sutter St, Ste 608 |(415) 306-2076
Atelier Emmanuel Salon and Day Spa|atelier-emmanuel-salon-and-day-spa-san-francisco|37.7898365|-122.4071|415 Stockton Street 4th Floor |(415) 362-8063
Z Beauty Lounge|z-beauty-lounge-san-francisco|37.7767983824|-122.423227206|411 Hayes St |(415) 861-9888
Angel's Nail Salon|angels-nail-salon-san-francisco|37.746456|-122.419677|3170 Mission St |(415) 643-5323
Bay's Nail & Beauty Supply|bays-nail-and-beauty-supply-san-francisco|37.7267275|-122.4330588|4465 Mission St |(415) 586-8181
Nails by Jenny|nails-by-jenny-san-francisco|37.7117118984|-122.404929176|50 Leland Avenue |(415) 333-6600
Creative Nails|creative-nails-san-francisco|37.7996788|-122.4409103|3224 Scott St |(415) 928-1312
Urban Beauty Skin Care|urban-beauty-skin-care-san-francisco|37.763279|-122.4779205|1308 20th Ave |(415) 661-0382
Fingertips Nail Salon|fingertips-nail-salon-san-francisco|37.7873535|-122.4221039|1309 Sutter Street |(415) 567-2092
Ninelus Salon|ninelus-salon-san-francisco|37.781223|-122.46566|4310 Geary Blvd |(415) 439-0088
Dekko|dekko-san-francisco|37.7534797377|-122.390956879|1325 Indiana St Ground Floor |(415) 285-8848
Joy Joy Nail|joy-joy-nail-san-francisco|37.7972368|-122.4342405|2115 Union St |(415) 921-2226
Primp|primp-san-francisco|37.7893104553|-122.406677246|391 Sutter St Ste 307 |(415) 986-9012
Tailored Salon|tailored-salon-san-francisco|37.78986|-122.404999|266 Sutter St 2nd Fl |(415) 501-9205
Lombard Nail Spa|lombard-nail-spa-san-francisco-3|37.79882|-122.44167|2447 Lombard St |(415) 937-2962
Jenni's Hair Design|jennis-hair-design-san-francisco|37.7637863159|-122.472992241|1402 Irving St |(415) 731-9086
Malay Skin Studio|malay-skin-studio-pacifica-2|37.6362457|-122.4904022|1630 Francisco Blvd |(650) 268-8318
Le Trend Nail Salon|le-trend-nail-salon-san-francisco|37.7765198|-122.4384918|783 Divisadero St |(415) 567-0162
Geary Salon|geary-salon-san-francisco|37.7814407349|-122.452949524|3151 Geary Blvd |(415) 386-8809
Focus Hair Studio|focus-hair-studio-san-francisco|37.7881012|-122.4466095|3263 Sacramento St Ste D |(415) 931-5205
Spa Nordstrom|spa-nordstrom-san-francisco|37.783944|-122.407118|865 Market St |(415) 977-5102
Moxie Parlour|moxie-parlour-san-francisco-2|37.7898866|-122.4047905|Smoke & Mirrors salon 256 Sutter St, 2nd Fl |(415) 806-4660
Aquatica Nails|aquatica-nails-san-francisco|37.780205|-122.4806559|5707 Geary Blvd |(415) 422-0448
Groove Salon|groove-salon-san-francisco|37.789139|-122.394318|215 Fremont St Ste 1 |(415) 975-9900
Germaine Nail|germaine-nail-san-francisco|37.7765214443|-122.478336543|1817 Balboa Street |(415) 750-1470
Dynasty Nail|dynasty-nail-san-francisco|37.7886343002|-122.400979623|107 Stevenson Street |(415) 975-8654
Lilypad Spa|lilypad-spa-san-francisco|37.791800648|-122.41748862|1198 Hyde St |(415) 525-3848
Perfection Nails Spa|perfection-nails-spa-san-francisco|37.790761|-122.4171972|1044 Hyde St |(415) 923-9888
Bella Tu|bella-tu-san-francisco|37.803566|-122.4335938|3643 Buchanan St |(415) 931-4721
Charmante|charmante-san-francisco|37.8001328|-122.4096527|546 Columbus Ave |(415) 397-7200
Fancy Fingers & Facials|fancy-fingers-and-facials-san-francisco|37.8057776392|-122.412787378|350 Bay Street |(415) 399-1431
West Portal Spa|west-portal-spa-san-francisco|37.7395782|-122.4676285|124 W Portal Avenue |(415) 566-6172
Happy Lashes|happy-lashes-san-francisco|37.7318192|-122.4481964|570 Monterey Blvd 1st Fl |(415) 584-1200
Glow Hand and Foot Spa|glow-hand-and-foot-spa-san-francisco|37.7763786|-122.4456863|1780 Fulton St |(415) 674-9952
Magic Nails|magic-nails-san-francisco|37.7864677459|-122.409767881|325 Mason Street |(415) 346-7539
Sanctuary Spa at Bay Club of San Francisco|sanctuary-spa-at-bay-club-of-san-francisco-san-francisco|37.803444|-122.402626|150 Greenwich St |(415) 901-9325
Cinta Salon|cinta-salon-san-francisco|37.7872165403|-122.404990196|23 Grant Ave 2nd Fl |(415) 989-1000
Mini Nails|mini-nails-san-francisco|37.7904736251|-122.421085462|1621 California St |(415) 922-7119
Nails-N-Perfect|nails-n-perfect-san-francisco-2|37.7851453622|-122.406360313|833 Market St Ste 309 |(415) 543-3449
Dermal Essentials|dermal-essentials-san-francisco|37.7982599|-122.4278808|1738 Union St Ste 101 |(510) 230-7059
Orchid Nail Salon|orchid-nail-salon-san-francisco|37.7888052911|-122.412272394|716 Sutter Street |(415) 929-6821
Valencia Nail|valencia-nail-san-francisco|37.7636841|-122.4196948|2088 Mission St |(415) 863-8616
Pacific Nails|pacific-nails-san-francisco|37.7952614|-122.4207916|1546 Pacific Ave |(415) 567-9785
Taraval Nails|taraval-nails-san-francisco-2|37.7428925782|-122.478165552|1123 Taraval St |(415) 731-5959
Joseph Cozza Salon|joseph-cozza-salon-san-francisco|37.7866222|-122.4043631|747 Market Street 4th Floor |(415) 633-3933
Kiaras Beauty Salon|kiaras-beauty-salon-san-francisco|37.753925845|-122.417883575|3264 23rd St |(415) 824-4836
GSQUARED A SOMA Hair Studio|gsquared-a-soma-hair-studio-san-francisco|37.7776108|-122.4049835|360 6th Street |(415) 861-4247
LeeLaWaDee Thai Classic Massage|leelawadee-thai-classic-massage-san-francisco-2|37.7896996|-122.4056931|310 Sutter Street 2nd Floor |(415) 412-2519
Mary-Anne Nails & Hair R US|mary-anne-nails-and-hair-r-us-san-francisco|37.7241973877|-122.45904541|1549 Ocean Avenue |(415) 586-2646
Skin Fantastik|skin-fantastik-san-francisco|37.7901021391|-122.401212305|41 Sutter St # 223 |(415) 397-3700
Precision Hair Design|precision-hair-design-san-francisco|37.7919236|-122.4205573|1622 Polk St |(415) 931-1077
Triple Twist Makeup & Hair Design|triple-twist-makeup-and-hair-design-san-francisco|37.7850029106|-122.407298352|870 Market St Ste 1040 |(888) 865-6960
Vanity Beauty Lounge|vanity-beauty-lounge-san-francisco|37.7949665483|-122.397372386|3 Embarcadero Ctr 2nd Fl |(415) 362-2242
Pure Envy Spa Bar|pure-envy-spa-bar-san-francisco|37.7777671|-122.4244195|476 Grove St |(415) 255-9911
Citi Beauty Skincare|citi-beauty-skincare-san-francisco|37.7749786|-122.4377899|Divisadero between Fell & Hayes |(415) 865-0909
KT Nails|kt-nails-san-francisco-3|37.79261|-122.421112|1722 Polk St |(415) 928-1698
Nail Art House|nail-art-house-san-francisco-2|37.7853129|-122.4631397|4224 California St Ste 202 |
Veer & Wander|veer-and-wander-san-francisco|37.7732264848|-122.421025338|6 Brady St |(415) 864-3012
Time For Nails|time-for-nails-san-francisco|37.7258987|-122.4632263|1930 Ocean Ave |(415) 586-7032
Wild Orchid Nails & Spa|wild-orchid-nails-and-spa-san-francisco|37.787888|-122.406136|166 Geary St Ste 908 |(415) 758-2066
Flying Beauticians|flying-beauticians-san-francisco|37.7878799|-122.4061279|166 Geary St Ste 900 |(415) 391-8929
Descend Salon|descend-salon-san-francisco|37.796978|-122.4352188|2185A Union St |(415) 440-6608
Tina's Nails|tinas-nails-san-francisco|37.7896428108|-122.412629128|931 Bush St |(415) 346-5725
Lauren Mae Haggard|lauren-mae-haggard-san-francisco-5|37.7942079|-122.4028242|520 Montgomery St Ste 208 |(925) 200-8197
European Glamorous Nails|european-glamorous-nails-san-francisco|37.7880388498|-122.401115075|55 New Montgomery Ste 219 |(415) 243-9441
Arty|arty-san-francisco|37.785846|-122.42942|1680 Post St Ste G |(415) 931-4405
My Nails|my-nails-san-francisco|37.7983096|-122.4192203|1204 Green St |(415) 673-0311
A.T. Beauty Spa|a-t-beauty-spa-san-francisco|37.7529857308|-122.406976372|2726 24th St |(415) 648-6389
Hair Fairies|hair-fairies-san-francisco-4|37.790409|-122.433861|2238 Fillmore St |(415) 292-5900
Sensi Luxury Nails & Spa|sensi-luxury-nails-and-spa-san-francisco|37.7623291|-122.4659424|338 Judah St |(415) 665-6245
April Nail Salon|april-nail-salon-san-francisco-2|37.787888|-122.406136|166 Geary St Ste 1606 |(415) 391-5770
Chic Nails Salon|chic-nails-salon-san-francisco|37.798225|-122.428513|1772 Union Street |(415) 776-3932
Lavish Hair and Makeup Studio|lavish-hair-and-makeup-studio-san-francisco-2|37.7920027|-122.4191708|1514 Larkin St |(415) 203-0463
High Touch Nail & Salon|high-touch-nail-and-salon-san-francisco|37.7641602|-122.468277|954 Irving St |(415) 566-1368
San Bruno Nails|san-bruno-nails-san-francisco|37.7259886265|-122.402987927|2832 San Bruno Ave |(415) 656-1146
La Fleur Hair & Nail Spa|la-fleur-hair-and-nail-spa-san-francisco|37.75967|-122.398376|1701 20th St |(415) 525-4840
Aqua Spa|aqua-spa-san-francisco|37.7832229435|-122.4592942|14 Clement St |(415) 666-3273
J. Roland|j-roland-san-francisco|37.7898449|-122.4031698|161 Sutter St 3rd Fl |(415) 392-2969
Paradise Nail Spa|paradise-nail-spa-san-francisco|37.8031732142|-122.414228395|948 Columbus Ave |(415) 440-8808
Hairspace|hairspace-san-francisco|37.764692|-122.432194|2275 Market St |(415) 554-0405
Benefit Brow Bar at Macy's|benefit-brow-bar-at-macys-san-francisco|37.786797|-122.407364|170 O'Farrell Street |(415) 296-4479
Yellow Orchid Nails Spa|yellow-orchid-nails-spa-san-francisco-2|37.7910614|-122.4043121|323 Kearny St 2F |(415) 989-9633
Colorbox Hair Salon|colorbox-hair-salon-san-francisco|37.7625062317|-122.428527921|510 Church St |(415) 701-1610
Rumours Hair & Nail Salon|rumours-hair-and-nail-salon-san-francisco|37.7873750031|-122.45295614|3665 Sacramento St |(415) 346-3333
Dermaplus Skin + Body|dermaplus-skin-body-san-francisco|37.79834|-122.427895|1728 Union St |(415) 885-6192
La Petite Rose Spa|la-petite-rose-spa-san-francisco|37.7424902469|-122.482176796|2409 25th Ave |(415) 681-6889
Sassi Beauty Salon|sassi-beauty-salon-san-francisco|37.8004303|-122.4338303|1956 Lombard St Ste A |(415) 922-2998
Quince Spa|quince-spa-san-francisco|37.7582275198|-122.39530745|640 Texas St |(415) 920-9888
B Parlor|b-parlor-san-francisco|37.7717009|-122.4350582|782 Haight St |(415) 255-8554
MaduSalon|madusalon-san-francisco-2|37.77235758|-122.43709673|300 Divisadero St |(415) 626-4782
Victoria's Nail Studio|victorias-nail-studio-san-francisco|37.7813454|-122.4615472|3934 Geary Blvd |(415) 386-5315
Bijou Nail Salon|bijou-nail-salon-san-francisco|37.7704277|-122.4247971|28 Guerrero St |(415) 431-6245
Hair Touch|hair-touch-san-francisco|37.7772489935|-122.462338507|341 Balboa St |(415) 876-7728
Bamboo|bamboo-san-francisco|37.7970886|-122.436882|2284B Union St |(415) 567-8812
Arrow Salon|arrow-salon-san-francisco|37.753755297|-122.42297776|1041 Guerrero |(415) 658-7469
Urban Allure|urban-allure-san-francisco|37.793581|-122.399328|230 California St Ste 603 |(415) 399-1300
Yvonne Hair Salon|yvonne-hair-salon-san-francisco|37.7814941406|-122.452514648|3123 Geary Blvd |(415) 668-3399
Beauty Company|beauty-company-san-francisco|37.7981199324|-122.422256917|2325 Polk St |(415) 567-8740
Mike Page Style Lab|mike-page-style-lab-san-francisco|37.7877714|-122.4127508|664 Post St |(415) 441-7522
San Francisco Institute of Esthetics & Cosmetology|san-francisco-institute-of-esthetics-and-cosmetology-san-francisco|37.7770462036|-122.407035828|1067 Folsom St |(415) 355-1734
Ocean Hair Design|ocean-hair-design-san-francisco|37.7245663851|-122.459595948|1619 Ocean Ave |(415) 841-1860
Remde Spa|remde-spa-san-francisco-2|37.7731571696|-122.409667969|The St Regis Hotel 125 3rd St |(415) 284-4060
Zen Day Spa|zen-day-spa-san-francisco|37.7714475086|-122.434959381|775 Haight St |(415) 558-8886
Lombard Heights Nail Salon|lombard-heights-nail-salon-san-francisco|37.7994892001|-122.437603176|3288 Steiner St |(415) 776-9688
Nelson Olivera|nelson-olivera-san-francisco-2|37.76739|-122.429412|2120 Market St Ste 201 |(510) 290-8318
Elenie For Hair|elenie-for-hair-san-francisco|37.7432997016|-122.470436096|304 Taraval St |(415) 682-8758
Smoke & Mirrors|smoke-and-mirrors-san-francisco|37.7898712158|-122.404899597|256 Sutter St Fl 2 |(415) 249-0840
Cocoon Bare|cocoon-bare-san-francisco|37.799236|-122.422729|2435 Polk St |(415) 655-3267
Love Cheni The Beauty Boutique|love-cheni-the-beauty-boutique-san-francisco|37.7805615216|-122.476589084|5332 Geary Blvd |(415) 571-8032
Natural Wonder Face & Body|natural-wonder-face-and-body-san-francisco-3|37.7431541|-122.4733434|650 Taraval St |(415) 661-9888
Blush Skin Care|blush-skin-care-san-francisco|37.788357|-122.424394|1640 Bush St |(415) 806-2631
Sassoon Salon|sassoon-salon-san-francisco|37.789358|-122.4064498|359 Sutter St |(415) 397-5105
Bliss Spa|bliss-spa-san-francisco-5|37.785319|-122.400546|W San Francisco 181 3rd St, 4th Fl |(415) 817-4100
Mr. Eckhard Beauty Salon At the Fairmont Hotel|mr-eckhard-beauty-salon-at-the-fairmont-hotel-san-francisco|37.7924232483|-122.410095215|950 Mason Street |(415) 982-6500
Market Nail Spa|market-nail-spa-san-francisco|37.7680283|-122.4276886|2057 Market St |(415) 252-7052
Salon 265|salon-265-san-francisco-2|37.7734281868|-122.425707579|265 Laguna St |(415) 300-0265
Parlor|parlor-san-francisco-3|37.799129|-122.422119|2418 Polk St |(415) 801-5758
Mademoiselle Nails|mademoiselle-nails-san-francisco|37.7704200894|-122.403311133|681 Townsend St |(415) 553-4081
Two Sisters|two-sisters-san-francisco|37.7970505|-122.4365997|2266 Union St Ste A |(415) 921-3151
Lu Lu Salon & Skin Care|lu-lu-salon-and-skin-care-san-francisco|37.7975273|-122.4234572|2360 Van Ness Ave |(415) 346-1285
Regis Salon|regis-salon-san-francisco|37.728463|-122.476915|3251 20Th Ave Ste 141 Stonestown Galleria |(415) 661-3635
Simply Nails|simply-nails-san-francisco|37.7082901|-122.4533997|5933 Mission St |(415) 333-2663
Beauty for You|beauty-for-you-san-francisco|37.720905|-122.438148|4830 Mission St |(415) 334-6482
Skin City|skin-city-san-francisco|37.772562|-122.4374602|323 Divisadero St |(415) 255-4777
Zenbi Nails|zenbi-nails-san-francisco|37.8007887304|-122.436899096|2032 Chestnut St |(415) 447-8942
Rubio & Raven|rubio-and-raven-san-francisco|37.7708914876|-122.430131882|142 Fillmore St |(415) 861-0142
People Hair & Nail Spa|people-hair-and-nail-spa-san-francisco|37.7655787021|-122.430926487|207 Sanchez St |(415) 621-2729
Head to Toes|head-to-toes-san-francisco|37.73914285|-122.416895851|451 Cortland Ave |(415) 282-2531
La Biang Thai Massage|la-biang-thai-massage-san-francisco-4|37.788768383|-122.420389966|1301 Polk St |(415) 931-7692
Tonie's Hair Salon|tonies-hair-salon-san-francisco|37.78302|-122.4596481|35 Clement St |(415) 752-0756
Jouvence Salon and Spa|jouvence-salon-and-spa-san-francisco-2|37.7867815644|-122.408039197|230 Powell St |(415) 391-1288
Ivy Nail|ivy-nail-daly-city|37.6992798|-122.4635315|6801 Mission St |(650) 992-7009
Mais Beauty Salon|mais-beauty-salon-san-francisco|37.7801570173|-122.478987469|5547 Geary Blvd |(415) 752-1642
Color Nails & Skincare|color-nails-and-skincare-san-francisco|37.7149426192|-122.442360073|5270 Mission St |(415) 333-6850
Nova Nail Spa|nova-nail-spa-san-francisco|37.7841682|-122.4044495|811 Mission St between 4th and 5th St |(415) 896-6682
Salon Baobao|salon-baobao-san-francisco|37.768192|-122.427528|2041 Market St |(415) 626-6806
Kim's Pro Nails|kims-pro-nails-san-francisco|37.7148567885|-122.442453951|5282 Mission St |(415) 586-5211
Portola Nail Bar|portola-nail-bar-san-francisco|37.7451295406|-122.451977134|619 Portola Dr |(415) 564-6690
Kitty's Nails|kittys-nails-san-francisco|37.79105|-122.4180984|1436 California St |(415) 775-1286
Tiptoes Union Square|tiptoes-union-square-san-francisco|37.7866134644|-122.408325195|207 Powell St 3rd Fl |(415) 397-8637
Jungle Red|jungle-red-san-francisco|37.7605896|-122.4367599|4233 18th St |(415) 934-9755
Presidio Heights Salon|presidio-heights-salon-san-francisco|37.7879333|-122.4498886|3470 Sacramento Street |(415) 346-2086
Laline|laline-san-francisco-2|37.8007889|-122.4382477|2106 Chestnut St |(415) 292-9971
Akua Nail Salon|akua-nail-salon-san-francisco-2|37.74296|-122.471598|501 Taraval St |(415) 379-4915
The Red Chair Salon|the-red-chair-salon-san-francisco|37.7979375422|-122.429186404|1808 Union St |(415) 346-3939
High Class Nails|high-class-nails-san-francisco|37.751247406|-122.430786133|3953 24th St |(415) 550-7948
Arthur Sebastian|arthur-sebastian-san-francisco|37.7976913|-122.4320602|Red Union Hair Salon 1996 Union St |(415) 501-0338
Eyebrows To Die For|eyebrows-to-die-for-san-francisco|37.7962760925|-122.425537109|1701 Vallejo St Ste 202 |(415) 346-9956
Images For Hair|images-for-hair-san-francisco|37.7970202267|-122.435678691|2203 Union Street |(415) 931-3309
Union Nails|union-nails-san-francisco-2|37.794777|-122.421791|1601 Pacific Ave |(415) 931-0414
La Tira Wax Studio|la-tira-wax-studio-san-francisco|37.749981|-122.427094|1301 Church St |(415) 812-5147
Americut/May's Nail Spa|americut-mays-nail-spa-san-francisco|37.738121|-122.4684067|279 W Portal Ave |(415) 283-8311
The Final Touch 2|the-final-touch-2-san-francisco-2|37.7869314|-122.4467223|514 Presidio Ave |(415) 351-2088
West Coast Beauty Nails|west-coast-beauty-nails-san-francisco|37.794283703|-122.419922054|1501 Jackson Street |(415) 928-1858
Hair Weaving & Braids By Jovann|hair-weaving-and-braids-by-jovann-san-francisco-4|37.7810630798|-122.432090759|1260 Fillmore St |(415) 632-2761
Tooba Salon|tooba-salon-san-francisco|37.796921|-122.404884|170 Columbus Ave Ste 115 |(415) 766-4707
Doan's Nails|doans-nails-san-francisco|37.789523|-122.408833|500 Sutter St Ste 812 |(415) 788-9778
La Leena|la-leena-daly-city|37.7018013|-122.4818878|331 S Mayfair Ave |(650) 756-5664
Sugar Society|sugar-society-san-francisco|37.7952742|-122.4205845|1504 Vallejo St. |(415) 763-7607
A.T Beauty Salon|a-t-beauty-salon-san-francisco|37.7162843943|-122.440649495|919 Geneva Ave |
Citi Beauty Skin Care|citi-beauty-skin-care-san-francisco|37.7743220329|-122.43759647|518 Divisadero St |(415) 865-0909
7 Nail Spa|7-nail-spa-san-francisco-2|37.719669|-122.438255|4907 Mission St Ste A |(415) 587-7969
Salon Mark Carlos|salon-mark-carlos-san-francisco|37.7892612666|-122.405484393|11 Tillman Pl 2nd Fl |(415) 362-3111
New Look Beauty Center|new-look-beauty-center-san-francisco-2|37.786869|-122.4078674|230 Powell St |(415) 421-5665
Sylvia Throne|sylvia-throne-san-francisco|37.7244035406|-122.457867265|Jolie Elegant Spa 1417 Ocean Ave |(415) 587-2028
Lustre Salon|lustre-salon-san-francisco|37.776998207|-122.424656153|522 Octavia St |(415) 861-5851
Betty Beauty Care|betty-beauty-care-san-francisco|37.7271594107|-122.403354049|2739 San Bruno Ave |(415) 656-3225
Lumina European  Nail Salon|lumina-european-nail-salon-san-francisco|37.7878799|-122.4061279|166 Geary St 6th Floor |(415) 392-4780
Opal Nail Spa -- CLOSED|opal-nail-spa-closed-san-francisco|37.7455472946|-122.451969758|602 Portola Dr |
Phuong Nail Station|phuong-nail-station-san-francisco|37.7969207764|-122.404884338|170 Columbus Ave Ste 115 |(415) 987-8889
Salon A7|salon-a7-san-francisco|37.800655961|-122.407090366|463 Union St |(415) 603-2877
Tnails|tnails-san-francisco|37.7992706|-122.4356689|3212 Fillmore St |(415) 987-1678
The Pretty Pretty Collective|the-pretty-pretty-collective-san-francisco|37.7553708851|-122.420671731|3290 22nd St |(415) 282-2002
Nails by Lisa|nails-by-lisa-san-francisco|37.725445|-122.463387|1947 Ocean Ave |(415) 586-9055
Tom's Beautiful Sexy Hair|toms-beautiful-sexy-hair-san-francisco|37.8019104|-122.4114075|701 Greenwich St |(415) 434-1527
Unique Design Nails|unique-design-nails-san-francisco|37.7949750423|-122.423408255|2105 Van Ness Ave |(415) 567-2866
Zaya Nail Spa|zaya-nail-spa-san-francisco|37.749412|-122.418518|2970 Mission St |(415) 525-3925
Ladies & Gents|ladies-and-gents-san-francisco|37.8003059328|-122.409799397|629 Union St |(415) 500-2143
Pearly Nails|pearly-nails-san-francisco-2|37.7950191|-122.4234999|2105 Van Ness Ave |(415) 567-2866
Gelous Nails|gelous-nails-san-francisco|37.7514977753|-122.430069521|3915 - 24th St Ste A |(415) 643-5592
JA's Razor Club|jas-razor-club-san-francisco|37.787912|-122.405939|152 Geary St 2nd Fl |(415) 398-2707
AB Beauty Salon|ab-beauty-salon-san-francisco|37.7900009|-122.4072876|431 Stockton St |(415) 956-2668
Glamour Beauty Salon|glamour-beauty-salon-san-francisco|37.7968693525|-122.399663329|205 Jackson St |(415) 362-2007
7 Nails|7-nails-san-francisco-2|37.728619203|-122.403969616|2611 San  Bruno Ave |(415) 468-0262
Lonni's Punani Waxing|lonnis-punani-waxing-san-francisco-3|37.7952766|-122.4206772|1538 Pacific Ave Studio 105 |(415) 215-7678
Barrow Salon|barrow-salon-san-francisco|37.789873|-122.404897|256 Sutter St 4th Fl |(415) 732-0356
Kat Kern|kat-kern-san-francisco|37.7894218|-122.4055486|J Roland Salon 161 Sutter St |(415) 392-2969
Glen Park Nails|glen-park-nails-san-francisco|37.7342231238|-122.433306255|74 Wilder St |(415) 585-6844
Moxi|moxi-san-francisco|37.79776|-122.4319077|1980 Union St Ste 8 |(415) 775-1980
Spa Natural|spa-natural-san-francisco|37.7833241969|-122.45908767|399 Arguello Blvd |(650) 787-3440
Head to Toes Beauty|head-to-toes-beauty-san-francisco|37.797209993|-122.434189394|2115 union st |(415) 921-2226
Progressive Cuts|progressive-cuts-san-francisco|37.7717185|-122.4438929||(415) 292-6474
Rosy Heels|rosy-heels-san-francisco|37.778084|-122.41008|180 7th St Ste 101 |(415) 861-4889
Lucy's Pro Nails|lucys-pro-nails-san-francisco|37.7409706|-122.4231796|3486 Mission Street |(415) 647-8004
Sen Beauty Spa|sen-beauty-spa-san-francisco|37.8009300232|-122.430084229|1734A Lombard St |(415) 292-6788
Pampered Nails By Tammy|pampered-nails-by-tammy-san-francisco|37.7892344|-122.4088717|500 Sutter St Ste 509 |(415) 568-5085
Little Saigon Hair & Nails Salon|little-saigon-hair-and-nails-salon-san-francisco|37.7843689173|-122.416357398|611 Ellis Street |(415) 776-1474
Kim Etc Nail Care|kim-etc-nail-care-san-francisco|37.78024|-122.47449|5131 Geary Boulevard |(415) 387-1824
Bruce Ross & Company Salon|bruce-ross-and-company-salon-san-francisco|37.7991813652|-122.429024117|2906 Octavia St |(415) 728-2126
City Famous Spa|city-famous-spa-san-francisco|37.799816|-122.438858|2272 Lombard St |(415) 346-4151
Nail Care by Theresa|nail-care-by-theresa-san-francisco|37.7801493|-122.48187|5815 Geary Blvd |(415) 806-8329
Rich Relief Massage|rich-relief-massage-san-francisco-6|37.7969522|-122.4051496|170 Columbus Ave Ste 115 |(415) 240-1642
Generation Nails|generation-nails-san-francisco|37.74158|-122.38765|3801 3rd Street Suite 525 |(415) 648-2933
The Pampered Girl|the-pampered-girl-san-francisco-2|37.7753983|-122.4229813|225 Gough St |(415) 431-4475
Ciao Bella Nails|ciao-bella-nails-san-francisco|37.8001979738|-122.440763488|2277 Chestnut St |(415) 771-6666
Rosewater Skin Care|rosewater-skin-care-san-francisco|37.7976913|-122.4329605|2040 Union St |(415) 292-6544
Beautiful Nails|beautiful-nails-san-francisco|37.7899017|-122.4099197|771 Bush St |(415) 984-0488
Alex Talon - Hair Studio|alex-talon-hair-studio-san-francisco|37.7878863712|-122.406127453|166 Geary St Ste 1606 |(415) 215-2413
Imperial Spa|imperial-spa-san-francisco|37.7838211|-122.4341125|1875 Geary Blvd |(415) 771-1114
Soul Scissors Hair Design|soul-scissors-hair-design-san-francisco|37.731689|-122.47419|2645 Ocean Ave Ste 5 |(415) 586-7816
Irina's Skin Care|irinas-skin-care-san-francisco|37.7437374741|-122.453784943|29 Evelyn Way |(415) 242-1023
Belli Capelli Aromatherapy Salon & Day Spa|belli-capelli-aromatherapy-salon-and-day-spa-san-francisco|37.785717|-122.439667|1728 Divisadero St |(415) 346-4100
Hokus Pokus Salon|hokus-pokus-salon-san-francisco|37.7442207|-122.4528198|115 Fowler Ave |(415) 753-5665
Addiction Salon|addiction-hair-salon-san-francisco|37.7647579|-122.4125633|350 Alabama St |(415) 552-2190
Forever Nails By Kim|forever-nails-by-kim-san-francisco|37.7379660233|-122.468731888|297 W Portal Ave |(415) 682-5528
Lian Nails|lian-nails-san-francisco|37.75079|-122.41864|2890 Mission St |(415) 648-5826
Nail Care For You|nail-care-for-you-san-francisco|37.8007719666|-122.407685146|1507 Grant Ave |(415) 362-3347
Thi Spa & Nails|thi-spa-and-nails-san-francisco|37.7896996|-122.4056931|310 Sutter St 2nd Fl |(415) 399-9972
Lilyan's Beauty Salon|lilyans-beauty-salon-san-francisco|37.735649|-122.424911|3820 Mission St |(415) 206-1617
Spargo - A Place For Men|spargo-a-place-for-men-san-francisco-2|37.7950112|-122.3994102|1 Embarcadero Ctr |(415) 989-4700
Bayview Nail Care|bayview-nail-care-san-francisco|37.74262|-122.42154|3371 Mission St |(415) 282-3828
California Chiropractic Center|california-chiropractic-center-san-francisco-3|37.7781261645|-122.393884349|242 Townsend St |(415) 979-9577
Golia Beauty Center|golia-beauty-center-san-francisco|37.7936728299|-122.406203225|737 A Grant Ave Ste A |(415) 956-1089
Blackbird Salon|blackbird-salon-san-francisco|37.7636833|-122.419693|2088 Mission St |(415) 684-2506
Waxing by Tracy at Hair Help|waxing-by-tracy-at-hair-help-san-francisco|37.7624817|-122.3998718|1756 18th St |(415) 350-4861
Meraviglia Beauty Loft|meraviglia-beauty-loft-daly-city|37.699078|-122.463715|6817 Mission St |(650) 731-4149
Hair 49|hair-49-san-francisco|37.7886009|-122.4037628|49 Kearny St |(415) 398-3362
Center Nails|center-nails-san-francisco|37.7527885|-122.4122009|3008 24th St |(415) 401-6245
Drybar Pacific Heights|drybar-pacific-heights-san-francisco|37.787426|-122.433281|1908 Fillmore St |(415) 347-8908
Brooklyn Cooper Salon|brooklyn-cooper-salon-san-francisco|37.78852|-122.402974|660 Market St Ste 223 |(415) 710-5598
Pure Organic Spa|pure-organic-spa-san-francisco|37.789506|-122.409078|518 Sutter St 3rd Fl |(415) 576-9600
Shear Irish|shear-irish-san-francisco|37.7434234619|-122.472671509|2393 16th Ave |(415) 682-8803
Tao Barber Salon|tao-barber-salon-san-francisco|37.7620811|-122.4068527|595 Potrero Ave |(415) 864-4345
JosephAlex Salon|josephalex-salon-san-francisco-2|37.788476|-122.402947|660 Market St 2nd Fl |(510) 717-9886
Rendez-Vous Nails|rendez-vous-nails-san-francisco|37.7881393|-122.4463425|3247 Sacramento St |(415) 474-2205
Ashley Zimmerman Hair Stylist|ashley-zimmerman-hair-stylist-san-francisco|37.764801|-122.4126968|Addiction Salon 350 Alabama St |(415) 552-2190
Fresh Face Makeup|fresh-face-makeup-san-francisco|37.7882385|-122.4032288|690 Market St |(415) 689-5795
Nail Arts|nail-arts-san-francisco|37.7640266418|-122.469917297|1116 Irving St |(415) 664-5728
Nora Spa & Salon|nora-spa-and-salon-san-francisco|37.7831283957|-122.398043945|351 3rd St |(415) 369-9028
Marina Nails|marina-nails-san-francisco|37.800847739|-122.43575111|1961 Chestnut Street |(415) 931-9195
Zindagi Salon|zindagi-salon-san-francisco|37.7875471394|-122.405189063|55 Grant Ave 3rd Fl |(415) 989-9463
Salon Miel|salon-miel-san-francisco|37.789754|-122.405615|305 Grant Ave 2nd Fl |(415) 563-7430
Super Nails & Spa|super-nails-and-spa-san-francisco|37.7285614|-122.4768829|3251 20th Ave Ste 234 |(415) 566-8585
Minia Make Up|minia-make-up-san-francisco|37.7582193263|-122.436391018||(714) 655-4704
Bladerunners Hair Studio|bladerunners-hair-studio-san-francisco|37.76963|-122.451736|1792 Haight St |(415) 751-1723
L P Nail Care|l-p-nail-care-san-francisco|37.7919502|-122.434761|2425 Fillmore St |(415) 563-1955
Synergy Salon|synergy-salon-san-francisco|37.7471365035|-122.459450439|410 Dewey Blvd |(415) 213-5031
Saviours Salon|saviours-salon-san-francisco-3|37.7618898|-122.4188223|3382 18th St |(415) 962-7881
V Nail Spa|v-nail-spa-san-francisco|37.7627868652|-122.41973114|2138 Mission St |(415) 861-1021
Perfection 3D Eyebrows|perfection-3d-eyebrows-san-francisco-2|37.7579384|-122.4827728|1836 Lawton St |(415) 823-0066
Valhalla Salon|valhalla-salon-san-francisco|37.7622414|-122.4141769|3150 18th St Ste 213 |(415) 215-3505
Castro Nail Salon|castro-nail-salon-san-francisco|37.7619130658|-122.434995426|431 Castro St |(415) 252-1657
Kra|kra-san-francisco|37.7921238542|-122.432862371|2309 Webster St |(415) 346-9288
Viva La Tan|viva-la-tan-san-francisco-2|37.7999653|-122.4394552||(415) 583-6209
Marinello Schools of Beauty|marinello-schools-of-beauty-san-francisco|37.781219|-122.410767|1035 Market St Ste 100 |(877) 695-9718
Twisted Scissors|twisted-scissors-san-francisco|37.7623798|-122.4142544|3150 18th St Suite 250 |(415) 264-8807
Pirate Salon|pirate-salon-san-francisco|37.7622414|-122.4141769|3150 18th St Ste 261 |
Mak & Co|mak-and-co-san-francisco|37.791382|-122.403931|344 Kearny St |(415) 956-0324
Zen Beauty Spa & Lounge|zen-beauty-spa-and-lounge-san-francisco|37.7375878394|-122.469455078|323 W Portal Avenue |(415) 661-7728
Lyon Street Salon|lyon-street-salon-san-francisco|37.7975264|-122.4471412|2900 Lyon St |(415) 340-2360
Beach Beauty Salon|beach-beauty-salon-san-francisco|37.8072137|-122.4159023|413 Beach St |(415) 345-9818
Rainbow Nail Spa|rainbow-nail-spa-san-francisco-2|37.7707894|-122.424165|1845 Market St |(415) 241-0878
It's All About You Salon|its-all-about-you-salon-san-francisco|37.760757|-122.434021|4051 18th Street |(415) 621-2965
Face It Salon & Spa|face-it-salon-and-spa-san-francisco|37.7633142471|-122.434107587|2343 Market St |(415) 431-7233
Kelli's Nail and Beauty Supply|kellis-nail-and-beauty-supply-san-francisco|37.7090129256|-122.453527451|1014 Huron Ave |(415) 587-7665
American Pro Nails|american-pro-nails-san-francisco|37.7292186767|-122.404226437|2577 San Bruno Ave |(415) 468-7319
Four Seasons Nails & Tanning|four-seasons-nails-and-tanning-san-francisco|37.7735385155|-122.450126772|2076 Hayes St |(415) 386-2793
Sue's Hair Studio|sues-hair-studio-san-francisco|37.79371|-122.40929|958 Powell St |(415) 773-2323
Hair Play|hair-play-san-francisco-2|37.7741478|-122.4212332|15 Page St |(415) 863-0703
American Beauty Salon Nails by Anna|american-beauty-salon-nails-by-anna-san-francisco|37.7806015|-122.4791489|5548 Geary Blvd |(415) 387-6245
Glamour Puss|glamour-puss-san-francisco|37.7976913|-122.4329605|2040 Union St |(415) 678-7952
Chris' Spa|chris-spa-san-francisco|37.78088|-122.4604187|3821 Geary Blvd |(415) 666-3163
Sally's Salon|sallys-salon-san-francisco|37.797524482|-122.428761274|2758 Octavia St |(415) 776-9772
Roseate Girl|roseate-girl-san-francisco-2|37.797417|-122.431061|1929 Union St |(415) 928-2055
Jehr Schiavo Haute Coiffure|jehr-schiavo-haute-coiffure-san-francisco|37.782058|-122.404761||(877) 724-4286
Top Nails|top-nails-san-francisco|37.7243080139|-122.456932068|1326 Ocean Ave |(415) 587-9121
Nepenji Japan Center Beauty Clinic|nepenji-japan-center-beauty-clinic-san-francisco|37.7849417|-122.4320571|1825 Post St Ste 160 |(415) 921-0135
Alcheme Salon|alcheme-salon-san-francisco-3|37.7897025|-122.4056676|310 Sutter St 4th Fl |(415) 296-9212
Spa Radiance|spa-radiance-san-francisco|37.7973404|-122.4358292|3011 Fillmore St |(415) 346-6281
Skincare By Erika|skincare-by-erika-san-francisco|37.788406|-122.40976|490 Post St Ste 804 |(415) 613-6433
Fancy Fingers & Spa|fancy-fingers-and-spa-san-francisco-2|37.806191|-122.412869|Northpoint Shopping Center 2351 Powell St |(415) 399-1431
Pink Lotus Nails|pink-lotus-nails-san-francisco-2|37.7793243527|-122.431949079|1085 Fillmore St |(415) 757-0309
Wax Addict|wax-addict-san-francisco|37.7884675383|-122.402946038|660 Market St Ste 212 |(415) 524-7243
Nail Pretty|nail-pretty-san-francisco|37.7880898118|-122.447326854|3315 Sacramento St |(415) 673-9818
Nicole Hair Studio|nicole-hair-studio-san-francisco|37.7631683|-122.4826508|2301 Irving St |
Milvali Salon and Cosmetics|milvali-salon-and-cosmetics-san-francisco|37.7976913|-122.4329605|2040 Union St |(415) 409-1500
Wendy Q Nail Salon|wendy-q-nail-salon-san-francisco|37.7869431674|-122.411939129|524 Geary St |(415) 500-2048
Fekaso Hair Salon|fekaso-hair-salon-san-francisco-2|37.7552097931|-122.421530263|3315 22nd St |(415) 416-6823
St Moritz Beauty-Barber & Spa Salon-Hyatt Hotel|st-moritz-beauty-barber-and-spa-salon-hyatt-hotel-san-francisco-2|37.7893189341|-122.407428324|425 Sutter St |(415) 421-7022
Benefit Brow Bar At Bloomingdales|benefit-brow-bar-at-bloomingdales-san-francisco|37.785334|-122.406667|845 Market St |(415) 856-5300
Polished By Svetlana|polished-by-svetlana-san-francisco|37.7641484141|-122.478305697|1269 20th Ave |(415) 571-9557
Nail Fantasy|nail-fantasy-san-francisco|37.7223815918|-122.436210632|4739 Mission Street |(415) 587-1867
Joana Nails|joana-nails-san-francisco|37.7869431674|-122.411939129|524 Geary St |(415) 567-0621
Mimi Hair & Nail Design|mimi-hair-and-nail-design-san-francisco|37.7837318927|-122.419350073|745 Polk St |(415) 776-9189
Nail Today|nail-today-san-francisco-3|37.790065|-122.4028677|124 Sutter St Fl 3 |(415) 398-6223
LaBelle Day Spas & Salons|labelle-day-spas-and-salons-san-francisco|37.7892123|-122.4053871|233 Grant Ave 4th Fl |(415) 433-7644
Helen's Nails|helens-nails-san-francisco|37.76317|-122.48265|2301 Irving St |(415) 661-5894
California Salon|california-salon-san-francisco|37.78527|-122.46441|4350 California St |(415) 752-1628
Salon J|salon-j-san-francisco|37.7642517|-122.4649506|634 Irving St |(415) 566-6789
Ele Ela Nails Salon|ele-ela-nails-salon-san-francisco-2|37.7650375|-122.4242935|388 Guerrero St |(415) 252-7276
Salon D|salon-d-san-francisco|37.788479|-122.402946|660 Market St Ste 201 |(415) 866-5344
Oil & Water Skincare|oil-and-water-skincare-san-francisco|37.7695084|-122.4082489|290 Division St Ste 301 |(415) 255-2094
Cortland Nails Salon|cortland-nails-salon-san-francisco|37.7387695312|-122.415382385|626 Cortland Ave |(415) 550-8188
Sidney Nails|sidney-nails-san-francisco|37.7880402|-122.4269104|Octavia Street Between Union and Green |
V.W. Nail Care|v-w-nail-care-san-francisco|37.797999233|-122.428004891|1745 Union St |(415) 440-1656
Snap Nails|snap-nails-san-francisco|37.745505495|-122.452250719|602 Portola Dr |(415) 661-4772
Yaquesita's Nails Studio|yaquesitas-nails-studio-san-francisco|37.7622414|-122.4141769|3150 18th St Ste 105 |(415) 745-4040
Mizu Spa|mizu-spa-san-francisco|37.7768173|-122.3938828|274 King St |(415) 278-9988
XTD Salon & Spa|xtd-salon-and-spa-san-francisco|37.7636568|-122.4778333|1838 Irving St |(415) 661-1980
Salon 815|salon-815-san-francisco|37.740551|-122.4654236|815 Ulloa St |(415) 731-6714
Salon DnA|salon-dna-san-francisco-4|37.7890388827|-122.409444119|555 Sutter Street Suite 200 |(415) 956-1909
The Balm|the-balm-san-francisco-2|37.7603443|-122.421479|788 Valencia St |(415) 817-1800
Spoke & Weal|spoke-and-weal-san-francisco|37.8018861367|-122.413842187|850 Greenwich St |(415) 800-7440
Nailtastic|nailtastic-san-francisco-3|37.7958030701|-122.416824341|1300 Pacific Ave |(415) 370-3662
Queen Bee Nail Salon|queen-bee-nail-salon-san-francisco|37.7629682422|-122.43486464|2380 Market St. |(415) 252-8092
Leslie's Nails 2|leslies-nails-2-san-francisco|37.784061|-122.432564|1548 Fillmore St |(415) 563-6029
TAYLOR / MONROE|taylor-monroe-san-francisco-2|37.777885|-122.424119|448 Grove St |(415) 252-9723
Camilla Betteridge|camilla-betteridge-san-francisco|37.7919394523|-122.419226691|1514 Larkin St |(415) 261-1826
Urban Beauty Spa|urban-beauty-spa-san-francisco|37.791454|-122.400162|130 Bush St 4th Fl |(415) 795-3439
Lady Gold Fingers|lady-gold-fingers-san-francisco-2|37.7909463644|-122.418131679|1432 California St |(415) 441-8857
Cindy Pro Nails|cindy-pro-nails-san-francisco|37.7144089|-122.4431915|5324 Mission St |(415) 333-8651
Tan Bella|tan-bella-san-francisco|37.7658811212|-122.430792376|2193 Market St |(415) 522-1234
Sloane Square Beauty Salon|sloane-square-beauty-salon-san-francisco-2|37.7404384|-122.466463|40 W Portal Ave |(415) 566-1800
European Wax Center|european-wax-center-daly-city-2|37.6994095|-122.4825974|518 Westlake Ctr |(650) 991-9900
Lee Hong Hair Styling|lee-hong-hair-styling-san-francisco|37.7648471296|-122.422173768|3107 16th St |(415) 626-1582
Stript Wax Bar|stript-wax-bar-san-francisco|37.7981339|-122.4283142|1764 Union St |(415) 771-6419
Art of Reflexology|art-of-reflexology-san-francisco-2|37.7285614|-122.4768829|Stonestown Galleria 3251 20th Ave |(415) 216-8331
S & J Hair Salon|s-and-j-hair-salon-san-francisco|37.7961197|-122.4071732|728 Jackson St. |(415) 398-2293
London Lass Beauty Salon|london-lass-beauty-salon-san-francisco|37.7991338074|-122.442013398|2476 Lombard St |(415) 922-1700
Fox & Doll Makeup & Hair|fox-and-doll-makeup-and-hair-san-francisco|37.7623798|-122.4142544|3150 18th St Ste 259 |(415) 420-0527
First Nails|first-nails-san-francisco|37.798532322|-122.424456999|1520 Union St |(415) 474-3708
Lotus Foot Care At Home|lotus-foot-care-at-home-san-francisco|37.7486686707|-122.415794373||(415) 637-1401
Harmony Nail Salon|harmony-nail-salon-san-francisco-4|37.7543539|-122.4780696|1324 Noriega St |(415) 802-5290
Sunflowers Nails|sunflowers-nails-san-francisco-2|37.7765198|-122.4384918|773 A Divisadero St |(415) 931-1254
Yvonne Nails|yvonne-nails-san-francisco|37.7804718|-122.4822235|5842 Geary Blvd |(415) 994-7617
Lisa's Beauty Salon|lisas-beauty-salon-san-francisco-2|37.7478154|-122.4272101|1448 Church St |(415) 282-5866
Hong Kong Hair Nail Beauty Salon|hong-kong-hair-nail-beauty-salon-san-francisco|37.712322|-122.407372|199 Leland Ave |(415) 333-1005
Jun's Beauty Salon|juns-beauty-salon-san-francisco|37.7628209|-122.4642582|1373 7th Ave |(415) 564-8982
Neva's Beauty|nevas-beauty-san-francisco-2|37.7894007|-122.4140741|1017 Bush St |(415) 775-1621
Star Lynn Beauty Lounge|star-lynn-beauty-lounge-san-francisco|37.7711865306|-122.431992665|211 Steiner St |(415) 626-6264
Brows Shaping Salon|brows-shaping-salon-san-francisco|37.7839752305|-122.407186434|San Francisco Centre 865 Market St, Ste 283 |(415) 344-0009
Estila|estila-san-francisco|37.7875252068|-122.45249413|3628 Sacramento St Ste B |(415) 928-1114
Kristina Welzien|kristina-welzien-san-francisco|37.7511226|-122.4343025|1304 Castro St |(415) 656-9221
Modern Design Salon|modern-design-salon-san-francisco|37.7634081244|-122.479642108|2027 Irving St |(415) 753-0363
Gaia Tree|gaia-tree-san-francisco|37.7763901|-122.4257813|575 Hayes St |(415) 255-4848
Burke Williams Day Spa|burke-williams-day-spa-san-francisco-2|37.7845965105|-122.406781912|845 Market St Level 5 |(415) 694-7984
Andy's Nail Spa|andys-nail-spa-san-francisco|37.7267926186|-122.433143333|4467 Mission St |(415) 333-8883
Yan Yan Beauty Salon|yan-yan-beauty-salon-san-francisco|37.724326998|-122.435029596|4619 Mission Street |(415) 586-5378
Renaissance Skin Care|renaissance-skin-care-san-francisco|37.787888|-122.406136|166 Geary St Ste 606 |(415) 434-2623
Alifa Wong Beauty & Bridal|alifa-wong-beauty-and-bridal-san-francisco|37.7866776|-122.4082565|207 Powell St Ste 300, 3rd Fl |(415) 306-8868
Glam-Up|glam-up-san-francisco|37.7851791|-122.4291992|22 Peace Plz |(415) 441-2484
Nefertiti's Hair & Spa|nefertitis-hair-and-spa-san-francisco|37.7368202|-122.4239197|3729 Mission St |(415) 642-5399
Sally's Nail Spa|sallys-nail-spa-san-francisco-2|37.7514566|-122.4300706|3915 24th St Ste A |(415) 643-5592
Annie's Studio Salon|annies-studio-salon-san-francisco|37.7594718933|-122.408744812|725 A York St |(415) 829-2820
SF Manscaping|sf-manscaping-san-francisco|37.7883674506|-122.402847016|660 Market St Ste 220 |
Beauty Style Exchange|beauty-style-exchange-san-francisco|37.7942018956|-122.406502292|813 Clay St |(415) 788-2828
Wild Heart|wild-heart-san-francisco|37.7952766|-122.4206772|1538 Pacific Ave Ste 109 |(415) 254-9910
Cass Leung|cass-leung-san-francisco|37.7874413|-122.4052429|Patrick Evan Salon 55 Grant Avenue 4th Fl |(415) 421-1111
Jolie Elegant Spa|jolie-elegant-spa-san-francisco|37.724461|-122.457657|1418 Ocean Ave |(415) 585-2409
Trendy Hair Gallery & Beauty Supply|trendy-hair-gallery-and-beauty-supply-san-francisco|37.780846|-122.405357|925 Howard St |(415) 495-6241
Sunset Nails|sunset-nails-san-francisco|37.7637156242|-122.477506399|1810 Irving St |(415) 566-9888
Sydney Nail Spa|sydney-nail-spa-san-francisco|37.797524482|-122.428761274|2758 Octavia St |(415) 928-1268
Miracle Spa|miracle-spa-san-francisco|37.7823410059|-122.47436285|1411 Clement St |(415) 221-3388
Lux Salon|lux-salon-san-francisco|37.7886906266|-122.408547476|441 Powell St 2nd Floor |(415) 693-9358
Nails By Nancy|nails-by-nancy-san-francisco|37.7441825867|-122.420471191|3289 Mission St |(415) 642-9142
Jackson Place Salon|jackson-place-salon-san-francisco|37.7970772|-122.4009171|633 Battery St Ste 117 |(415) 399-1044
MadKat|madkat-san-francisco|37.7655445039|-122.449978888|915 Cole Street |(415) 665-8448
Carlton Hair|carlton-hair-san-francisco|37.7841702537|-122.407433197|San Francisco Centre 865 Market St |(415) 495-8300
Salon Alta|salon-alta-san-francisco|37.7736397|-122.4473724|1881 Hayes St |(415) 504-2582
Juicy Nails|juicy-nails-san-francisco|37.7952385|-122.4113007|1262 Mason St |(415) 931-8881
Q Lotus Salon|q-lotus-salon-san-francisco|37.7873488516|-122.423765659|1414 Sutter St |(415) 972-9995
Pampered Hands Salon|pampered-hands-salon-san-francisco|37.7909203|-122.3932114|180 Howard St Ste  G-3 |(415) 777-4263
The Color Design Salon|the-color-design-salon-san-francisco|37.7873153239|-122.405017018|55 Grant Ave Fl 6 |(415) 984-1926
White Butterfly Nail & Spa|white-butterfly-nail-and-spa-san-francisco|37.7980167241|-122.41057612|1455 Powell St |(415) 772-9928
Julies Beauty Salon|julies-beauty-salon-san-francisco|37.80093|-122.430084|1734 Lombard St |(415) 931-3101
Gentle Star Medspa|gentle-star-medspa-san-francisco|37.7826543152|-122.40781188|14 Mint Plz Ste 110 |(415) 618-0108
Nails For You|nails-for-you-san-francisco|37.793949|-122.396736|17 Drumm St 2nd Fl |(415) 788-5081
Pretty Nails|pretty-nails-san-francisco|37.7651582658|-122.431005612|242 Sanchez St |(415) 553-8019
Yzinn Nail Club|yzinn-nail-club-san-francisco-3|37.7610092|-122.4307785|3903 18th St |(415) 934-8999
Cole Valley Salon|cole-valley-salon-san-francisco|37.7664909|-122.4534073|510 Frederick St |(415) 731-6088
Blink Eyebrows & Cosmetics|blink-eyebrows-and-cosmetics-san-francisco|37.787888|-122.406136|166 Geary St Ste 1305 |(415) 399-0789
Image Beauty Salon|image-beauty-salon-san-francisco|37.7539553493|-122.482115775|1715 Noriega St |(415) 665-3168
reWAXation|rewaxation-san-francisco|37.7897193646|-122.413958519|1006 Bush St |(415) 419-9044
Hair Caffe|hair-caffe-san-francisco|37.7859497|-122.4361496|2176 Sutter St |(415) 525-4678
One Stop Beauty Supply and Salon|one-stop-beauty-supply-and-salon-san-francisco-2|37.7641215|-122.4644623|605 Irving St |(415) 564-9336
ML Hair Studio|ml-hair-studio-san-francisco-2|37.799237|-122.42273|2435 Polk St Suite 10 |(415) 299-2968
Glama-Rama!|glama-rama-san-francisco-3|37.7674449|-122.4221739|304 Valencia St |(415) 861-4526
Fahrenheit|fahrenheit-san-francisco|37.7517679|-122.4274105|1195 Church St |(415) 647-4247
Noe Valley Spa|noe-valley-spa-san-francisco-3|37.7514334023|-122.432576716|4028A 24th St |(415) 821-6727
Momo Nails Salon|momo-nails-salon-san-francisco|37.7455472946|-122.451969758|602 Portola Dr |(415) 661-4772
Minami Beauty Salon|minami-beauty-salon-san-francisco|37.7423515|-122.4263382|1791 Church St |(415) 821-1704
Urania's Hand and Foot Essentials|uranias-hand-and-foot-essentials-san-francisco|37.7981606|-122.4278564|1728 Union Street Suite 205 |(415) 706-5614
The Cutlery|the-cutlery-san-francisco|37.7651643008|-122.466448322|1239A 9th Ave |(415) 242-5550
Hair On Hyde|hair-on-hyde-san-francisco|37.7908560648|-122.417440959|1031 Hyde St |(415) 674-9689
Melon Nail Bar|melon-nail-bar-san-francisco|37.783947|-122.407158|865 Market St 2nd Fl of Westfield San Francisco Ctr |(415) 995-2222
Flourish Skin & Wax|flourish-skin-and-wax-san-francisco|37.7975388|-122.4307556|1905 Union St Ste 5 |(415) 370-6559
J & L Nails|j-and-l-nails-san-francisco-2|37.7870409604|-122.433446963|Fillmore St & Bush St |
Stillpoint Wellness Center|stillpoint-wellness-center-san-francisco|37.7977805076|-122.431983948|1996 Union St 3rd Fl |(415) 441-5659
Sandy Nails|sandy-nails-san-francisco|37.75239|-122.41327|3065 24th St |(415) 643-5220
Donna's Nails|donnas-nails-san-francisco|37.7267926186|-122.433143333|4467 Mission St |(415) 333-8883
La Bella Full Service Salon|la-bella-full-service-salon-san-francisco|37.722263|-122.436295|4747 Mission St |
Finest Nails II|finest-nails-ii-san-francisco|37.793037|-122.421379|1741 Polk St |(415) 359-9844
Hair Dimension|hair-dimension-san-francisco|37.784569|-122.464363|4355 California St |(415) 752-3818
Gacela Salon Y Clinica De Belleza|gacela-salon-y-clinica-de-belleza-san-francisco|37.752620697|-122.415542603|3160 24th St |(415) 641-7331
Cara Bella Skin Care Boutique|cara-bella-skin-care-boutique-san-francisco|37.801132|-122.428512|Marina Wellness Center 1630 Lombard Street |(408) 722-2407
Aspire Salon|aspire-salon-san-francisco-3|37.789324|-122.405455|447 Sutter St Ste 428 |(510) 467-2556
Dara Roberts Hair Design|dara-roberts-hair-design-san-francisco|37.7893711|-122.4067978|391 Sutter St Ste 608 |(415) 260-2698
Beautified Skin & Wax|beautified-skin-and-wax-san-francisco|37.7917168289|-122.420971468|1615 Polk St Ste 11 |(415) 729-4394
La Belle Nail Spa|la-belle-nail-spa-san-francisco|37.722382|-122.436211|4739 Mission St |(415) 841-1744
Blo Blow Dry Bar|blo-blow-dry-bar-san-francisco-3|37.7971214801|-122.434882745|2167 Union St |(415) 655-9886
Vim & Vigor|vim-and-vigor-san-francisco|37.7768326|-122.3938675|272 King St. |(415) 777-4247
Blend Salon|blend-salon-san-francisco|37.7890668064|-122.409470156|555 Sutter St |(415) 296-0119
Sally Nail Spa|sally-nail-spa-san-francisco|37.7513267845|-122.434363067|4106 24th St |(415) 285-1339
Lee Nail Care|lee-nail-care-san-francisco|37.7433130145|-122.470778078|452 Taraval Street |(415) 664-3299
Cocoon Urban Day Spa|cocoon-urban-day-spa-san-francisco|37.786785|-122.394218|330 1st St |(415) 777-0100
Salon 828|salon-828-san-francisco|37.7634742086|-122.47858409|1929 Irving St 20 Ave |(415) 665-1788
Mimi Salon|mimi-salon-san-francisco|37.7228965759|-122.436523438|4712 Mission St |(415) 584-4429
Tip Top Nails|tip-top-nails-san-francisco|37.7462393045|-122.426861599|1547 Church St |(415) 642-2862
Star Nails|star-nails-san-francisco|37.724557668|-122.459559739|1615 Ocean Ave |(415) 586-3405
PATRICK EVAN Hair Salon|patrick-evan-hair-salon-san-francisco-2|37.7874891|-122.4051181|55 Grant Ave 4th Fl |(415) 421-1111
La Crme Spa|la-crme-spa-san-francisco-2|37.7860184|-122.4327621|1971 Sutter St |(415) 359-9530
Zippy's Hair Studio|zippys-hair-studio-san-francisco|37.7873682976|-122.453009114|3669 Sacramento St |(415) 921-2192
Five Star Nails and Spa|five-star-nails-and-spa-san-francisco|37.7333107|-122.4343567|2920 Diamond St |(415) 333-6920
Rubis Nails|rubis-nails-san-francisco|37.78577|-122.460495|4000 California St |(415) 379-8613
Waxing by Stefani @ Metamorphosis Salon|waxing-by-stefani-metamorphosis-salon-san-francisco|37.770882|-122.42411|1841 Market St |(415) 286-5989
Edo Salon|edo-salon-san-francisco-3|37.7716856324|-122.43304966|631 Haight St |(415) 861-0131
Rose and Kim Spa|rose-and-kim-spa-san-francisco-2|37.7990608|-122.4289398|2906 Octavia St |(415) 673-9729
Sune|sune-san-francisco|37.7633652091|-122.480710298|2127 Irving St |(415) 681-1188
Top Ten Nails|top-ten-nails-san-francisco|37.7264218032|-122.43343167|4485 Mission St |(415) 452-9040
Nails N Beauty|nails-n-beauty-san-francisco|37.7999813855|-122.442472726|2385 Chestnut St |(415) 922-8891
Teresita Nail Spa|teresita-nail-spa-san-francisco|37.7524399012|-122.416060343|3194 24th St |(415) 404-8818
On Mars Salon|on-mars-salon-san-francisco-2|37.7714198828|-122.430237159|210 Fillmore St |(415) 252-9958
Relax Nails|relax-nails-san-francisco|37.7703751624|-122.444390506|1340 Haight St |(415) 255-9188
Bernal Heights Nails Care|bernal-heights-nails-care-san-francisco|37.7390556782|-122.416935414|430 Cortland Ave Ste A |(415) 401-9096
Hi-Tech Nails|hi-tech-nails-san-francisco|37.7882576|-122.4406509|2007 Divisadero St |(415) 928-0324
Marilyn Jaeger Skincare and Massage Studio|marilyn-jaeger-skincare-and-massage-studio-san-francisco|37.7881372|-122.4484117|3384 Sacramento St |(415) 751-0647
Nomi Day Spa|nomi-day-spa-san-francisco|37.754253|-122.391136|1278 Indiana St Ste 200 |(415) 290-8430
Habit|habit-san-francisco|37.7992706|-122.4356689|3212 Fillmore St |(415) 931-3165
Merry Manicures|merry-manicures-san-francisco|37.795338|-122.421288|2030 Polk St |(415) 931-9079
Four Seasons Nails And Spa|four-seasons-nails-and-spa-san-francisco-2|37.7392693|-122.4168472|451B Cortland Ave |(415) 282-2531
Wendy Beauty Salon|wendy-beauty-salon-san-francisco|37.7828947|-122.4679196|808 Clement St |(415) 387-1770
San Zen Nails|san-zen-nails-san-francisco|37.8006592|-122.4089508|580 Union St |(415) 986-2548
John Velasquez Salon|john-velasquez-salon-san-francisco|37.796587|-122.402689|440 Jackson St |(415) 391-5512
Michelle Hair Studio|michelle-hair-studio-san-francisco|37.799237|-122.42273|2435 Polk St Ste 10 |(415) 350-1488
Head Spa|head-spa-san-francisco|37.8008|-122.438255|2106 Chestnut St |(415) 292-2311
Lucy's Nails Salon|lucys-nails-salon-daly-city|37.7053375244|-122.461502075|6335 Mission St |(650) 755-5119
Anastasia Beverly Hills Brow Studio|anastasia-beverly-hills-brow-studio-san-francisco|37.783947|-122.407158|Nordstrom 865 Market  St |(415) 243-8500
Mane Attraction|mane-attraction-san-francisco|37.765602|-122.450211|103 Carl St |(415) 753-5500
Hollywood Hair Salon|hollywood-hair-salon-san-francisco|37.7445908|-122.4207382|3264 Mission St |(415) 282-8637
Nob Hill Hair|nob-hill-hair-san-francisco|37.790890038|-122.410809919|906 Pine St |(415) 928-1350
Dolci Beauty Lounge|dolci-beauty-lounge-san-francisco-2|37.7623901|-122.3976898|1521 18th St |(415) 285-9255
M Spa|m-spa-san-francisco-2|37.7660141|-122.4304504|2187 Market St |(415) 556-9100
Sparkle San Francisco|sparkle-san-francisco-san-francisco-3|37.7539215|-122.4205627|1193 Valencia St Ste A |(415) 684-8802
Dimitra's Skin Care & Medi-Spa|dimitras-skin-care-and-medi-spa-san-francisco|37.7378006|-122.4697113|324 W Portal Ave |(415) 731-8080
Donna Fujii Color & Image Institute|donna-fujii-color-and-image-institute-san-francisco|37.7871094|-122.4084473|323 Geary St Ste 407 |(415) 922-9000
The Social Beauty Co.|the-social-beauty-co-san-francisco|37.7995299|-122.4369355|2157 Lombard St |(415) 529-1305
Milk +|milk-san-francisco-2|37.799854|-122.422318|2500 Polk St |(415) 673-3332
Elizabeth Hair Studio|elizabeth-hair-studio-san-francisco-3|37.786555|-122.415127|706 Geary St |(415) 474-0688
Synergy Mind Body Wellness|synergy-mind-body-wellness-san-francisco-4|37.7834015|-122.4592896|399 Arguello Blvd |(415) 602-1109
Waxing 4 Men|waxing-4-men-san-francisco|37.789356|-122.4087184|500 Sutter St Ste 614 |(415) 640-1414
Addy's Hair Salon|addys-hair-salon-san-francisco|37.7868298441|-122.412120178|531 Geary St |(415) 441-4731
Oasis Traveling Spa|oasis-traveling-spa-el-granada|37.5024452209|-122.469718933||(650) 773-1446
e Salon|e-salon-san-francisco|37.7969632298|-122.436835393|2288 Union St |(415) 563-5655
Cowboys & Angels|cowboys-and-angels-san-francisco|37.786613|-122.408325|207 Powell St Ste 400 |(415) 362-8516
New York Hair & Nail|new-york-hair-and-nail-san-francisco|37.7412403375|-122.422633767|3483 Mission St |(415) 285-8679
Nob Hill Spa|nob-hill-spa-san-francisco|37.7914644|-122.4121171|The Scarlet Huntington 1075 California St |(415) 345-2888
Manicure & Pedicure By Nancy|manicure-and-pedicure-by-nancy-san-francisco|37.8003059328|-122.409799397|629 Union St |(415) 215-3078
Prim Salon|prim-salon-san-francisco|37.7598|-122.39608|1447 20th St |(415) 401-6264
Sutter Nails|sutter-nails-san-francisco|37.7888565063|-122.409225464|535 Sutter St |(415) 398-3939
Follicle Hair Salon|follicle-hair-salon-san-francisco-3|37.7890055688|-122.40947485|540 Sutter St |(415) 402-5277
First Nail Care|first-nail-care-san-francisco-2|37.7985882|-122.4245699|1520 Union St |(415) 474-3708
Ringolevio Hair Salon|ringolevio-hair-salon-san-francisco|37.798031|-122.427017|2660 Gough St |(415) 885-4040
Nice Studio|nice-studio-san-francisco|37.7864227|-122.4166489|800 Geary St |(415) 674-8959
Hand Touch Nails Care|hand-touch-nails-care-san-francisco|37.799793|-122.442314|2371 Chestnut St |(415) 447-6015
Blow|blow-san-francisco-5|37.7902371|-122.4039601|224 Kearny St |(415) 989-2569
The Tidy Shoppe|the-tidy-shoppe-san-francisco-2|37.7813797|-122.4629517|4050 Geary Blvd |(415) 668-4050
Lucky Nails|lucky-nails-san-francisco-4|37.7901406|-122.4013353|55A Sutter St |(415) 981-5321
Silky Touch Nail Salon|silky-touch-nail-salon-san-francisco|37.7721405|-122.4312286|544 Haight St |(415) 255-8527
Cetana Salon Spa|cetana-salon-spa-san-francisco-2|37.7839116007|-122.389370352|155 Brannan St |(415) 371-1335
Cinta Aveda Institute|cinta-aveda-institute-san-francisco|37.7908973694|-122.404266357|305 Kearny St |(415) 989-4400
Mani-Pedi by Sandra|mani-pedi-by-sandra-san-francisco-2|37.740553|-122.466602|40 W Portal Ave |(415) 699-9433
Bubble Pop Electric Salon|bubble-pop-electric-salon-san-francisco-3|37.789112|-122.434586|2434 California St |(415) 346-9864
Zen Beauty Spa|zen-beauty-spa-san-francisco|37.7385579|-122.4681425|221 W Portal Ave |(415) 661-6852
Sammy Oliver Salon|sammy-oliver-salon-san-francisco|37.7890311|-122.4094418|555 Sutter St Ste 402, 4th Fl |(415) 402-0111
LV Nail Spa|lv-nail-spa-san-francisco-2|37.8000849|-122.4097803|546 Columbus Ave |(415) 397-7200
TopCoat Nail Studio|topcoat-nail-studio-san-francisco-2|37.7891273|-122.4029236|50 Post St 2nd Fl |(415) 500-2860
Wanderlust Salon|wanderlust-salon-san-francisco|37.7972602844|-122.436393738|2250 Union St |(415) 913-7331
Minna Nails|minna-nails-san-francisco-3|37.7634315|-122.4237366|491 Guerrero St |(415) 255-6701
Queen's Nail|queens-nail-san-francisco|37.7458|-122.41949|3189 Mission Street |(415) 824-1310
Virgil's Hair Cutting Studio|virgils-hair-cutting-studio-san-francisco|37.782488813|-122.418873476|616 Polk St |(415) 673-3617
Nails by Lavinia|nails-by-lavinia-san-francisco|37.7872949|-122.4085815|323 Geary St Ste 514 |(415) 956-1225
European Skin Care by Maria|european-skin-care-by-maria-san-francisco-2|37.787888|-122.406134|166 Geary St Ste 1505 |(415) 398-2044
Jade Mendoza|jade-mendoza-san-francisco-3|37.7920456|-122.4191798|1514 Larkin St |(510) 219-4210
Michelle Nails No 2.|michelle-nails-no-2-san-francisco|37.7943115|-122.4072418|848 Clay St |(415) 398-2336
Good Looks Salon|good-looks-salon-san-francisco|37.7896233|-122.4011688|564 Market St 2nd Fl |(415) 391-4045
Salon Village|salon-village-san-francisco|37.7952766|-122.4206772|1538 Pacific Ave San Francisco |(323) 380-7780
Kelly and Tiffany Skincare|kelly-and-tiffany-skincare-san-francisco|37.788479|-122.402972|660 Market St Studio 219 |(415) 359-6106
Bambiana For Long Hair|bambiana-for-long-hair-san-francisco|37.7892303|-122.4093781|Follicle Hair Salon 540 Sutter St |(415) 745-5755
Tena Pro Nails|tena-pro-nails-san-francisco|37.7273699641|-122.403439879|2717 San Bruno Ave |(415) 656-0202
Hair Help Salon|hair-help-salon-san-francisco-2|37.7624817|-122.3998718|1756 18th St |(415) 621-4011
Ginger Rubio|ginger-rubio-san-francisco|37.758644|-122.415916|600 Shotwell St |(415) 829-7750
JT Nails|jt-nails-san-francisco|37.786564976|-122.433302253|1848 Fillmore St |(415) 563-4373
CK Hair Design|ck-hair-design-san-francisco|37.7819214|-122.4540329|3244 Geary Blvd |(415) 668-3868
Anna's Hair Gallery|annas-hair-gallery-san-francisco|37.7657278579|-122.466605902|1255 9th Ave |(415) 661-1400
Radical Tan Salon|radical-tan-salon-san-francisco|37.776619|-122.3931808|255 King St Ste C |(415) 979-0732
Sorry I Broke Your Heart|sorry-i-broke-your-heart-san-francisco|37.7999763|-122.4438553|2456 Chestnut St |(415) 655-9450
DAVID JAMES.|david-james-san-francisco|37.7750812|-122.430658|600 Fillmore St |(415) 655-3973
Benefit Cosmetics Boutique & Brow Bar|benefit-cosmetics-boutique-and-brow-bar-san-francisco-3|37.7898712|-122.404892|262 Sutter St |(415) 749-9073
M&M Thread Salon|m-and-m-thread-salon-san-francisco-5|37.789345|-122.409359|545 Sutter St Ste 206 |(415) 434-1960
Super Performance|super-performance-san-francisco|37.7980995|-122.4106522|1457 Powell St |(415) 433-1289
Chez Sylva|chez-sylva-san-francisco|37.7638473511|-122.465057373|1310 8th Ave |(415) 242-1100
Ensoma|ensoma-san-francisco|37.7777481|-122.4048996|352 6th St |(844) 436-7662
de'Arti salon|dearti-salon-san-francisco|37.799622|-122.432457|3200 Buchanan St |(415) 776-7696
Mahogany House of Styles|mahogany-house-of-styles-san-francisco-2|37.7249263|-122.4603909|1712 Ocean Ave |(415) 239-5156
Cute T Nails|cute-t-nails-san-francisco|37.782875|-122.469324|934 Clement St |(415) 831-1668
Eyebrows Anonymous|eyebrows-anonymous-san-francisco|37.7908918|-122.4185478|1472 California St |(415) 674-7724
